section,local_element_index,body_index,element_type,style,rows,cols,equation_labels,omath_count,omath_para_count,drawing_count,text
2.1,0,190,PARAGRAPH,Heading 4,,,,0,0,0,Dinamika Frekuensi PLTMH Terisolasi
2.1,1,191,PARAGRAPH,First Paragraph,,,,0,0,0,"menjelaskan bahwa frekuensi sistem tenaga merefleksikan keseimbangan sesaat antara daya mekanik yang masuk ke generator dan daya elektrik yang diserap sistem. menegaskan bahwa berkurangnya inersia meningkatkan laju perubahan frekuensi setelah gangguan. Dalam bentuk per-unit yang disederhanakan, dinamika awal frekuensi dinyatakan melalui persamaan ayunan:"
2.1,2,192,TABLE,,1.0,2.0,2.1,1,1,0,| (2.1)
2.1,3,193,PARAGRAPH,First Paragraph,,,,6,0,0,"dengan sebagai frekuensi nominal, konstanta inersia, koefisien redaman beban, perubahan daya mekanik, dan perubahan daya elektrik. Bentuk ini lebih lengkap daripada hubungan tanpa redaman karena mengakomodasi sensitivitas beban terhadap frekuensi. Nilai yang rendah menyebabkan rate of change of frequency lebih tinggi ketika terjadi ketidakseimbangan daya."
2.1,4,194,PARAGRAPH,Body Text,,,2.1,2,0,0,"Pengaruh ketidakseimbangan antara daya mekanik turbin dan daya listrik generator terhadap respons frekuensi dapat dijelaskan melalui Persamaan (2.1). Besar dan arah perubahan frekuensi ditentukan oleh selisih , sedangkan konstanta inersia memengaruhi laju respons frekuensi setelah terjadi perubahan kondisi operasi. Hubungan tersebut diilustrasikan pada Gambar 2.1."
2.1,5,195,PARAGRAPH,Body Text,,,,0,0,1,
2.1,6,196,PARAGRAPH,Caption,,,,0,0,0,"Gambar II.1 Hubungan ketidakseimbangan daya, inersia, dan respons frekuensi sistem PLTMH"
2.1,7,197,PARAGRAPH,Body Text,,,2.1,4,0,0,"Gambar 2.1 menunjukkan bahwa kondisi merepresentasikan keseimbangan daya sehingga frekuensi berada pada kondisi tunaknya. Ketika , kekurangan daya menyebabkan frekuensi menurun, sedangkan kondisi menghasilkan kecenderungan peningkatan frekuensi. Besarnya laju perubahan frekuensi dipengaruhi oleh konstanta inersia , sebagaimana dinyatakan pada Persamaan (2.1). Deviasi frekuensi yang terbentuk akibat perubahan keseimbangan daya menjadi variabel utama untuk menilai respons dinamis sistem."
2.1,8,198,PARAGRAPH,Body Text,,,2.2,1,0,0,"Pada PLTMH terisolasi, perubahan daya beban konsumen secara langsung memengaruhi keseimbangan antara pembangkitan dan konsumsi daya. Pengaturan daya beban buangan melalui ELC digunakan untuk mengompensasi perubahan tersebut agar daya keluaran generator tetap terserap sesuai keseimbangan daya sistem. Prinsip ini menjadi dasar hubungan pada Persamaan (2.2) dan pembahasan mekanisme ELC pada Subbab 2.2."
2.1,9,199,PARAGRAPH,Body Text,,,,0,0,0,menunjukkan bahwa ketidakseimbangan daya pada mikrogrid terisolasi harus dikompensasi secara lokal karena tidak tersedia dukungan jaringan interkoneksi. juga menempatkan deviasi frekuensi sebagai variabel utama dalam evaluasi pengendalian mikrogrid terisolasi. Kedua kajian tersebut mendukung penggunaan respons frekuensi sebagai keluaran utama model penelitian.
2.1,10,200,PARAGRAPH,Body Text,,,2.1,0,0,0,Persamaan (2.1) menjadi persamaan dasar untuk menghitung respons frekuensi pada model simulasi Bab III. Penerapannya dalam pemodelan PLTMH–ELC dirujuk kembali pada Subbab 3.3.
2.1,11,201,PARAGRAPH,Body Text,,,,0,0,0,Hubungan daya generator dan beban pada PLTMH dengan ELC dinyatakan sebagai:
2.1,12,202,TABLE,,1.0,2.0,2.2,1,1,0,| (2.2)
2.1,13,203,PARAGRAPH,Normal,,,2.2;2.1,3,0,0,"Jika rugi-rugi diabaikan pada model awal, Persamaan (2.2) menyederhana menjadi . Penggunaan tepat untuk menyatakan daya elektrik keluaran generator, sedangkan tetap digunakan sebagai daya mekanik masukan turbin pada Persamaan (2.1). Kedua besaran tidak dapat dipertukarkan karena berada pada sisi konversi energi yang berbeda."
2.2,0,204,PARAGRAPH,Heading 4,,,,0,0,0,Electronic Load Controller
2.2,1,205,PARAGRAPH,First Paragraph,,,,0,0,0,"menjelaskan bahwa ELC mempertahankan total daya yang diserap generator melalui pengaturan beban buangan. menunjukkan bahwa waktu penyalaan perangkat daya dan perpindahan tingkat beban buangan memengaruhi harmonisa serta transien. memperlihatkan bahwa penyempurnaan pengendali beban tetap menjadi bagian penting dalam peningkatan kinerja PLTMH. Dalam penelitian ini, sinyal kendali mengubah rasio kerja PWM untuk mengatur daya rata-rata pada beban buangan, sehingga hubungan model rata-ratanya dinyatakan sebagai:"
2.2,2,206,TABLE,,1.0,2.0,2.3,1,1,0,| (2.3)
2.2,3,207,PARAGRAPH,First Paragraph,,,,2,0,0,dengan sebagai rasio kerja dan sebagai kapasitas nominal beban buangan. Model rata-rata dipilih agar dinamika pengendalian frekuensi dapat dianalisis tanpa mensimulasikan setiap peristiwa switching semikonduktor.
2.2,4,208,PARAGRAPH,Body Text,,,,0,0,0,"Implementasi hubungan daya tersebut pada ELC melibatkan pengukuran frekuensi, pengendali PI, PWM, perangkat pensaklaran IGBT, dan beban buangan. Keterkaitan antara sistem PLTMH, beban konsumen, dan rangkaian pengendalian ELC ditunjukkan pada Gambar 2.2."
2.2,5,209,PARAGRAPH,Body Text,,,,0,0,2,
2.2,6,210,PARAGRAPH,Caption,,,,0,0,0,Gambar II.2 Konfigurasi sistem PLTMH terisolasi dengan ELC berbasis PI dan beban buangan.
2.2,7,211,PARAGRAPH,Normal,,,2.3;2.2,3,0,0,"Gambar 2.2 menunjukkan bahwa perubahan frekuensi sistem diukur untuk membentuk galat . Pengendali PI mengolah galat tersebut menjadi sinyal kendali , yang selanjutnya menentukan rasio kerja PWM untuk mengendalikan IGBT. Perubahan rasio kerja mengatur daya yang diserap beban buangan sesuai model rata-rata pada Persamaan (2.3). Mekanisme ini memungkinkan ELC menyesuaikan sebagai respons terhadap perubahan beban konsumen sehingga keseimbangan daya pada Persamaan (2.2) dapat dipertahankan."
2.2,8,212,PARAGRAPH,Normal,,,2.3;2.1;2.2,0,0,0,Persamaan (2.3) menghubungkan keluaran pengendali dengan daya yang diserap beban buangan. Hubungan tersebut digunakan bersama Persamaan (2.1) dan (2.2) dalam penyusunan model closed-loop pada Subbab 3.3.
2.2,9,213,PARAGRAPH,List Paragraph,,,,0,0,0,
2.2,10,214,PARAGRAPH,List Paragraph,,,,0,0,0,
2.2,11,215,PARAGRAPH,List Paragraph,,,,0,0,0,
2.2,12,216,PARAGRAPH,List Paragraph,,,,0,0,0,
2.3,0,217,PARAGRAPH,Heading 4,,,,0,0,0,Pengendali PI dan Penjadwalan Gain
2.3,1,218,PARAGRAPH,First Paragraph,,,,0,0,0,Galat pengendalian didefinisikan dengan konvensi tanda:
2.3,2,219,TABLE,,1.0,2.0,2.4,1,1,0,| (2.4)
2.3,3,220,PARAGRAPH,First Paragraph,,,,0,0,0,Keluaran pengendali PI adalah:
2.3,4,221,TABLE,,1.0,2.0,2.5,1,1,0,| (2.5)
2.3,5,222,PARAGRAPH,First Paragraph,,,2.4;2.5,0,0,0,"Persamaan (2.4) menetapkan konvensi tanda galat, sedangkan Persamaan (2.5) membentuk aksi kendali PI. Konvensi tanda tersebut dipertahankan dalam fungsi objektif dan seluruh indikator galat agar interpretasi hasil antarbab tetap konsisten."
2.3,6,223,PARAGRAPH,Body Text,,,,4,0,0,"Pada PI gain tetap, dan . menjelaskan bahwa gain scheduling menyesuaikan parameter pengendali terhadap perubahan kondisi operasi sistem nonlinier. menerapkan prinsip tersebut pada PLTMH melalui self-tuning fuzzy PI, sedangkan memperbarui gain PI ELC berdasarkan galat dan laju perubahannya. Dalam penelitian ini, kedua gain diperbarui oleh model pembelajaran pada interval supervisori. Saturasi aktuator dan mekanisme anti-windup diperlukan karena dibatasi pada ."
2.3,7,224,PARAGRAPH,Normal (Web),,,,0,0,0,"memperlihatkan bahwa penalaan berbasis metaheuristik dapat menghasilkan gain yang baik untuk fungsi objektif dan skenario tertentu. mencatat bahwa hasil penalaan tersebut umumnya diperoleh melalui proses pencarian iteratif pada ruang parameter. Dalam penelitian ini, kajian metaheuristik hanya digunakan untuk menunjukkan perkembangan dari penalaan tetap menuju penjadwalan gain berbasis kondisi; persamaan internal GA, PSO, GWO, dan SOS tidak diperlukan karena metode tersebut tidak diimplementasikan."
2.4,0,225,PARAGRAPH,Heading 4,,,,0,0,0,Pembentukan Target Gain Berbasis Simulasi
2.4,1,226,PARAGRAPH,First Paragraph,,,,1,0,0,"QLSTM yang dilatih secara terawasi memerlukan target. Untuk skenario operasi ke-, pasangan gain target didefinisikan sebagai solusi terbaik dalam himpunan kandidat yang dievaluasi melalui simulasi:"
2.4,2,227,TABLE,,1.0,2.0,2.6,1,1,0,| (2.6)
2.4,3,228,PARAGRAPH,First Paragraph,,,,1,0,0,dengan . Fungsi objektif tunggal yang digunakan adalah:
2.4,4,229,TABLE,,1.0,2.0,2.7,1,1,0,| (2.7)
2.4,5,230,PARAGRAPH,First Paragraph,,,,0,0,0,Komponen integral galat absolut dinyatakan sebagai:
2.4,6,231,TABLE,,1.0,2.0,2.8,1,1,0,| (2.8)
2.4,7,232,PARAGRAPH,First Paragraph,,,2.6;2.7;2.8,0,0,0,"Persamaan (2.6) menentukan aturan pemilihan label, Persamaan (2.7) mengukur kualitas setiap kandidat gain, dan Persamaan (2.8) mendefinisikan komponen IAE. Ketiga persamaan tersebut diterapkan sebagai prosedur operasional pembentukan target pada Subbab 3.6."
2.4,8,233,PARAGRAPH,Body Text,,,,5,0,0,"merupakan penalti bernilai besar jika respons tidak stabil, aktuator mengalami saturasi berkepanjangan, atau frekuensi keluar dari batas yang ditentukan. Normalisasi menggunakan , , dan mencegah satu indikator mendominasi hanya karena perbedaan satuan. Bobot memenuhi dan ditetapkan sebelum pembentukan label melalui analisis sensitivitas terbatas."
2.4,9,234,PARAGRAPH,Body Text,,,,0,0,0,"Pencarian dilakukan dua tahap. Grid kasar memetakan wilayah solusi yang layak, kemudian grid halus mengevaluasi lingkungan kandidat terbaik. Prosedur deterministik ini dipilih karena hanya terdapat dua variabel keputusan dan karena sumber label harus dapat direplikasi. Pencarian merupakan tahap luring penyusunan dataset; tidak ada pencarian grid ketika model diuji di dalam loop kendali."
2.5,0,235,PARAGRAPH,Heading 4,,,,0,0,0,Long Short-Term Memory
2.5,1,236,PARAGRAPH,First Paragraph,,,,2,0,0,"merumuskan LSTM untuk mengatasi kesulitan pembelajaran dependensi jangka panjang pada jaringan berulang. LSTM memproses urutan data dengan gerbang lupa, masukan, keluaran, dan keadaan sel. menunjukkan bahwa struktur tersebut dapat digunakan untuk memodelkan sistem dinamis nonlinier. Untuk masukan dan keadaan tersembunyi sebelumnya , persamaan dasarnya adalah:"
2.5,2,237,TABLE,,5.0,2.0,2.9;2.10;2.11;2.12;2.13,5,5,0,| (2.9) || | (2.10) || | (2.11) || | (2.12) || | (2.13)
2.5,3,238,PARAGRAPH,First Paragraph,,,2.9;2.13,0,0,0,"Persamaan (2.9)–(2.13) secara berurutan mendefinisikan gerbang lupa, gerbang masukan, kandidat keadaan sel, pembaruan keadaan sel, serta gerbang keluaran dan keadaan tersembunyi LSTM. Rangkaian persamaan ini menjadi baseline struktural bagi transformasi QLSTM pada Subbab 2.7."
2.5,4,239,PARAGRAPH,Normal,,,,0,0,0,"Dalam penelitian ini, LSTM tidak digunakan untuk memprediksi beban atau frekuensi masa depan. Model mempelajari pemetaan dari jendela kondisi operasi menuju target gain dan berfungsi sebagai pembanding klasik bagi QLSTM."
2.6,0,240,PARAGRAPH,Heading 4,,,,0,0,0,Variational Quantum Circuit
2.6,1,241,PARAGRAPH,First Paragraph,,,,1,0,0,"mengembangkan QLSTM sebagai arsitektur hybrid quantum–classical yang mempertahankan pengelolaan urutan secara klasik dan menggunakan VQC pada transformasi gerbang. Dalam penelitian ini, parameter rangkaian dioptimalkan pada simulator kuantum. Vektor fitur klasik diproyeksikan ke dimensi yang sesuai dengan jumlah qubit, kemudian dikodekan sebagai sudut rotasi:"
2.6,2,242,TABLE,,1.0,2.0,2.14,1,1,0,| (2.14)
2.6,3,243,PARAGRAPH,First Paragraph,,,,0,0,0,Keadaan tersebut diproses oleh rangkaian parametrik:
2.6,4,244,TABLE,,1.0,2.0,2.15,1,1,0,| (2.15)
2.6,5,245,PARAGRAPH,First Paragraph,,,,1,0,0,dan menghasilkan fitur klasik melalui nilai harapan operator Pauli-:
2.6,6,246,TABLE,,1.0,2.0,2.16,1,1,0,| (2.16)
2.6,7,247,PARAGRAPH,First Paragraph,,,2.14;2.15;2.16,0,0,0,"Aliran komputasi VQC dimulai dari pengodean pada Persamaan (2.14), dilanjutkan transformasi parametrik pada Persamaan (2.15), dan diakhiri pengukuran pada Persamaan (2.16). Nilai hasil pengukuran menjadi fitur klasik yang digunakan dalam gerbang QLSTM."
2.6,8,248,PARAGRAPH,Normal,,,,1,0,0,"Rotasi terparametrisasi dan gerbang pengait (entangling gates) membentuk . Jumlah qubit, kedalaman rangkaian, dan jumlah lapisan diperlakukan sebagai hiperparameter yang dibatasi agar simulasi tetap realistis secara komputasional."
2.7,0,249,PARAGRAPH,Heading 4,,,,0,0,0,Arsitektur QLSTM untuk Estimasi Gain
2.7,1,250,PARAGRAPH,First Paragraph,,,,0,0,0,"menjelaskan bahwa QLSTM mengganti transformasi affine tertentu pada gerbang LSTM dengan fungsi yang mengandung VQC. menerapkan arsitektur serupa untuk mempelajari data sekuensial pada kompensasi galat termal, sedangkan menerapkannya pada prediksi irradiansi surya. Kedua penerapan tersebut menunjukkan fleksibilitas QLSTM pada data temporal, tetapi tidak menjadi bukti langsung keunggulannya pada ELC PLTMH. Secara ringkas, transformasi gerbang QLSTM dinyatakan sebagai:"
2.7,2,251,TABLE,,2.0,2.0,2.17;2.18,2,2,0,| (2.17) || | (2.18)
2.7,3,252,PARAGRAPH,First Paragraph,,,2.17;2.18,0,0,0,Persamaan (2.17) dan (2.18) menunjukkan penggantian transformasi affine klasik dengan keluaran VQC pada gerbang QLSTM. Estimasi gain direalisasikan melalui kepala regresi yang menerima keadaan tersembunyi terakhir sebagai masukan.
2.7,4,253,PARAGRAPH,Body Text,,,2.12;2.13,2,0,0,"Pembaruan keadaan sel dan keadaan tersembunyi mengikuti Persamaan (2.12)–(2.13). Keadaan tersembunyi terakhir diteruskan ke kepala regresi klasik yang menghasilkan dua nilai laten dan . Agar gain selalu berada dalam rentang yang ditetapkan, keluaran dipetakan menggunakan fungsi sigmoid:"
2.7,5,254,TABLE,,2.0,2.0,2.19;2.20,2,2,0,| (2.19) || | (2.20)
2.7,6,255,PARAGRAPH,First Paragraph,,,2.19;2.20,0,0,0,Persamaan (2.19) dan (2.20) menjamin bahwa prediksi gain selalu berada di dalam rentang yang ditetapkan pada Subbab 3.4. Kedua persamaan digunakan pada tahap integrasi closed-loop dalam Subbab 3.9.
2.7,7,256,PARAGRAPH,Body Text,,,,8,0,0,"Estimasi gain tersebut ditempatkan dalam sistem kendali sebagai penghubung antara informasi temporal kondisi operasi dan pengendali PI. Variabel , , , , dan disusun menjadi urutan temporal , kemudian diproses oleh QLSTM untuk menghasilkan dan . Posisi QLSTM dan aliran informasi dalam sistem PLTMH–ELC ditunjukkan pada Gambar 2.3."
2.7,8,257,PARAGRAPH,Body Text,,,,0,0,1,
2.7,9,258,PARAGRAPH,Caption,,,,0,0,0,Gambar II.3 Arsitektur konseptual estimasi gain PI adaptif berbasis QLSTM pada sistem PLTMH–ELC
2.7,10,259,PARAGRAPH,Body Text,,,2.19;2.20,3,0,0,"Gambar 2.3 menunjukkan bahwa QLSTM menerima urutan temporal yang dibentuk dari kondisi operasi PLTMH–ELC. Keadaan tersembunyi hasil pemrosesan urutan tersebut diteruskan ke kepala regresi untuk menghasilkan dan sesuai Persamaan (2.19) dan (2.20). Dengan struktur ini, QLSTM berfungsi sebagai pengestimasi gain berdasarkan informasi temporal dan tidak menghasilkan sinyal kendali ELC secara langsung."
2.7,11,260,PARAGRAPH,Body Text,,,,3,0,0,"Gain hasil estimasi digunakan oleh pengendali PI untuk membentuk berdasarkan galat . Sinyal kendali menentukan rasio kerja PWM dan pensaklaran IGBT yang mengatur . Perubahan daya beban buangan memengaruhi keseimbangan daya dan respons frekuensi PLTMH–ELC, sehingga kondisi operasi berikutnya kembali membentuk masukan temporal bagi QLSTM. Mekanisme penerapan dan penghalusan gain sebelum digunakan oleh PI dibahas pada Subbab 2.8."
2.7,12,261,PARAGRAPH,Body Text,,,,0,0,0,Fungsi rugi pelatihan menggunakan kesalahan kuadrat berbobot pada gain yang telah dinormalisasi:
2.7,13,262,TABLE,,1.0,2.0,2.21,1,1,0,| (2.21)
2.7,14,263,PARAGRAPH,Normal,,,,2,0,0,"Bobot dan mengompensasi perbedaan skala kedua gain. Parameter klasik dan parameter rangkaian kuantum dilatih bersama menggunakan optimisasi gradien. Istilah optimisasi pada konteks ini merujuk pada proses pelatihan parameter model, bukan penempatan QLSTM sebagai algoritma optimasi gain."
2.8,0,264,PARAGRAPH,Heading 4,,,,0,0,0,Penerapan Gain dalam Loop Kendali
2.8,1,265,PARAGRAPH,First Paragraph,,,,4,0,0,"Periode sampling pengendali dibedakan dari interval pembaruan model , dengan dan . Gain yang diterapkan dihaluskan sebagai:"
2.8,2,266,TABLE,,2.0,2.0,2.22;2.23,2,2,0,| (2.22) || | (2.23)
2.8,3,267,PARAGRAPH,First Paragraph,,,2.22;2.23,1,0,0,Persamaan (2.22) dan (2.23) menghaluskan perubahan gain sebelum diterapkan pada PI. Penerapan keduanya dibatasi pada interval supervisori sebagaimana dijelaskan pada Subbab 3.9.
2.8,4,268,PARAGRAPH,Normal,,,,2,0,0,"mengingatkan bahwa penerapan gain scheduling perlu mempertimbangkan dinamika perpindahan antartitik operasi, bukan hanya kestabilan pada setiap titik secara terpisah. Atas dasar tersebut, dan dievaluasi agar gain cukup responsif tanpa menimbulkan perubahan berfrekuensi tinggi. Jika keluaran model tidak tersedia atau melanggar pemeriksaan validitas numerik, sistem menggunakan gain aman hasil penalaan awal. Mekanisme ini merupakan perlindungan simulatif dan bukan bukti kestabilan global untuk seluruh kemungkinan kondisi."
2.9,0,269,PARAGRAPH,Heading 4,,,,0,0,0,Indikator Kinerja dan Pengujian
2.9,1,270,PARAGRAPH,First Paragraph,,,,0,0,0,Deviasi frekuensi didefinisikan sebagai:
2.9,2,271,TABLE,,1.0,2.0,2.24,1,1,0,| (2.24)
2.9,3,272,PARAGRAPH,First Paragraph,,,,0,0,0,Indikator yang digunakan meliputi:
2.9,4,273,TABLE,,2.0,2.0,2.25;2.26,2,2,0,| (2.25) || | (2.26)
2.9,5,274,PARAGRAPH,First Paragraph,,,2.7,5,0,0,"serta waktu tunak , yaitu waktu terakhir respons memasuki dan tetap berada dalam pita toleransi terhadap . IAE, , dan digunakan dalam pembentukan label sesuai Persamaan (2.7); ITAE digunakan sebagai indikator evaluasi tambahan."
2.9,6,275,PARAGRAPH,Body Text,,,,1,0,0,Peningkatan relatif metode terhadap baseline dihitung sebagai:
2.9,7,276,TABLE,,1.0,2.0,2.27,1,1,0,| (2.27)
2.9,8,277,PARAGRAPH,First Paragraph,,,2.24;2.25;2.26;2.27,2,0,0,"Persamaan (2.24) menjadi dasar perhitungan Persamaan (2.25) dan (2.26), sedangkan Persamaan (2.27) digunakan untuk menyatakan peningkatan relatif terhadap baseline. Prosedur perhitungan dan pengujian statistiknya dijabarkan pada Subbab 3.10. dengan sebagai indikator yang semakin baik ketika nilainya mengecil. Pengujian statistik dilakukan terhadap nilai indikator pada skenario yang sama. Normalitas selisih diperiksa terlebih dahulu; paired t-test digunakan jika asumsi terpenuhi, sedangkan Wilcoxon signed-rank test digunakan jika tidak terpenuhi. Ukuran efek dan interval kepercayaan 95% dilaporkan bersama nilai ."
2.10,0,278,PARAGRAPH,Heading 4,,,,0,0,0,Kajian Penelitian Terdahulu dan Posisi Penelitian
2.10,1,279,PARAGRAPH,First Paragraph,,,,0,0,0,"memperlihatkan kemampuan ELC dalam mempertahankan frekuensi sekaligus mengatur tegangan, sedangkan memetakan perkembangan ELC dari pengendali analog menuju sistem digital dan cerdas. memperluas pengendalian frekuensi melalui integrasi katup aliran dan ELC, sementara mengembangkan ELC cerdas untuk sistem mikrohidro mandiri. menunjukkan perkembangan lain melalui ELC berbasis baterai, tetapi konfigurasi tersebut berada di luar batas penelitian ini yang menggunakan beban buangan resistif. serta menunjukkan bahwa pembaruan gain PI berdasarkan kondisi operasi dapat memperbaiki respons dinamis PLTMH dan ELC. , , dan memperlihatkan peran metaheuristik dalam memperluas pencarian parameter, tetapi pendekatan tersebut tidak secara langsung memetakan urutan kondisi operasi menjadi gain. Pada sisi pembelajaran temporal, menyediakan dasar LSTM, sedangkan mengintegrasikan VQC ke dalam arsitektur LSTM. selanjutnya menunjukkan penggunaan QLSTM untuk kompensasi galat termal alat mesin; penerapan tersebut memperkuat relevansi pemodelan sekuensial, tetapi bukan bukti langsung keunggulannya pada ELC PLTMH."
2.10,2,280,PARAGRAPH,First Paragraph,,,,0,0,0,"Perkembangan penelitian yang berkaitan dengan pengendalian ELC, penyesuaian gain PI, pembelajaran temporal, dan QLSTM dirangkum pada Tabel 2.1. Sintesis ini digunakan untuk mengidentifikasi kontribusi setiap penelitian terdahulu sekaligus menunjukkan kesenjangan yang menjadi dasar posisi penelitian ini."
2.10,3,281,PARAGRAPH,Normal,,,,0,0,0,
2.10,4,282,PARAGRAPH,Caption,,,,0,0,0,Tabel II.1 Sintesis State of the Art dan Posisi Penelitian
2.10,5,283,TABLE,,15.0,5.0,,2,0,0,"Peneliti dan Tahun | Metode/Pendekatan | Objek Studi | Kontribusi dan Keterbatasan | Posisi terhadap Penelitian Ini || | ELC termodifikasi untuk pengaturan frekuensi dan tegangan | Pembangkit hidro skala kecil dengan SEIG | Menunjukkan bahwa ELC dapat mempertahankan frekuensi sekaligus mengatur tegangan melalui pengalihan daya menuju beban buangan. Penelitian belum membahas penentuan gain PI berdasarkan urutan kondisi operasi. | Menjadi dasar penggunaan ELC dan beban buangan untuk menjaga keseimbangan daya pada pembangkit hidro mandiri. || | Intelligent Electronic Load Controller | Sistem mikrohidro mandiri | Mengembangkan ELC cerdas untuk meningkatkan respons pengendalian pada kondisi beban yang berubah. Pendekatan kecerdasan diterapkan pada mekanisme pengendalian ELC, tetapi belum menggunakan pembelajaran temporal untuk menghasilkan gain PI adaptif. | Menunjukkan perkembangan ELC dari pengendalian konvensional menuju pengendalian berbasis kecerdasan komputasional. || | Integrasi flow control valve dan ELC | PLTMH terisolasi | Menggabungkan pengaturan aliran mekanis dan pengalihan daya elektrik untuk regulasi frekuensi. Penelitian berfokus pada koordinasi dua aktuator dan belum mempelajari pemetaan kondisi temporal terhadap gain PI. | Memperkuat pemodelan interaksi turbin, generator, pengendali aliran, dan ELC dalam regulasi frekuensi PLTMH. || | Kajian dan pengujian eksperimental ELC | Pembangkit mikrohidro mandiri | Menjelaskan prinsip kerja, konfigurasi, perangkat daya, dan perkembangan ELC untuk mempertahankan daya total generator. Kajian belum mengembangkan penjadwalan gain PI berbasis model sekuensial. | Menjadi dasar konfigurasi ELC, hubungan daya beban konsumen–beban buangan, dan mekanisme regulasi frekuensi. || | Self-tuning fuzzy PI controller | PLTMH dengan perubahan beban besar | Menyesuaikan parameter PI terhadap kondisi operasi dan menguji penerapannya secara waktu nyata. Penyesuaian gain didasarkan pada sistem fuzzy, bukan pemetaan jendela temporal menggunakan LSTM atau QLSTM. | Memberikan dasar bahwa satu pasangan gain tetap dapat memiliki keterbatasan dan bahwa gain PI perlu disesuaikan terhadap kondisi operasi PLTMH. || | Fuzzy PI-based AC chopper ELC | Sistem pikohidro | Memperbarui gain PI berdasarkan galat dan perubahan galat untuk meningkatkan respons ELC. Masukan pengendali terbatas pada keadaan sesaat dan belum memanfaatkan dependensi temporal dalam suatu jendela pengamatan. | Mendukung kebutuhan penyesuaian gain PI pada ELC sekaligus menunjukkan ruang pengembangan menuju penentuan gain berbasis informasi temporal. || | Optimasi luring pengendali PI menggunakan BOA | Pengendalian frekuensi mikrogrid | Menunjukkan bahwa optimasi dapat menghasilkan parameter pengendali berdasarkan fungsi objektif respons frekuensi. Gain hasil optimasi tidak dipetakan secara langsung dari urutan kondisi operasi selama pengendalian. | Mendukung penggunaan fungsi objektif untuk memperoleh parameter pengendali acuan, tetapi algoritma metaheuristiknya tidak digunakan dalam penelitian ini. || | Soft computing untuk pengendalian frekuensi | Mikrogrid terisolasi dengan penyimpanan energi | Mengembangkan pengendalian frekuensi berbasis metode komputasional pada mikrogrid terisolasi. Objek penelitian berfokus pada mikrogrid dengan penyimpanan energi dan bukan pada penentuan gain PI ELC berbasis QLSTM. | Memperkuat relevansi metode komputasional dan respons frekuensi sebagai dasar evaluasi pengendalian sistem terisolasi. || | LSTM untuk pemodelan sistem dinamis nonlinier | Sistem dinamis nonlinier | Menunjukkan kemampuan LSTM mempelajari hubungan temporal pada sistem nonlinier. Keluaran model digunakan untuk pemodelan sistem, bukan untuk menghasilkan parameter pengendali PI. | Menjadi dasar penggunaan LSTM sebagai model pembelajaran temporal sekaligus pembanding klasik bagi QLSTM. || | QLSTM dengan VQC | Pemodelan data sekuensial | Mengembangkan arsitektur QLSTM hybrid quantum–classical dengan mengganti transformasi tertentu pada gerbang LSTM menggunakan VQC. Penelitian tidak diarahkan pada ELC atau penentuan gain pengendali PI. | Menjadi dasar metodologis perancangan arsitektur QLSTM sebagai model pembelajaran temporal. || | QLSTM untuk prediksi deret waktu | Prediksi irradiansi surya | Menerapkan QLSTM untuk mempelajari pola temporal pada irradiansi surya. Keluaran model berupa prediksi besaran energi dan bukan estimasi parameter pengendali. | Menunjukkan bahwa QLSTM dapat diterapkan pada data temporal sektor energi, tetapi fungsi modelnya berbeda dari penelitian ini. || | Perbandingan QLSTM dan LSTM | Prediksi daya surya | Membandingkan kinerja QLSTM dan LSTM pada dataset serta tugas prediksi yang sama. Penelitian tidak membahas integrasi keluaran model ke dalam sistem kendali closed-loop. | Menjadi dasar penggunaan LSTM sebagai pembanding untuk menilai nilai tambah VQC pada QLSTM secara empiris. || | QLSTM untuk kompensasi galat termal | Sumbu-Z mesin perkakas | Menggunakan QLSTM untuk mempelajari hubungan temporal dan mengompensasi galat termal. Penerapan dilakukan pada mesin perkakas dan tidak mencakup pengendalian frekuensi atau ELC. | Memperkuat potensi QLSTM untuk menghasilkan keluaran korektif berdasarkan informasi temporal, meskipun berbeda objek dan variabel keluaran. || Penelitian ini (2026) | QLSTM untuk penentuan gain PI adaptif | ELC PLTMH 100 kW pada sistem terisolasi | QLSTM mempelajari pemetaan jendela temporal kondisi operasi terhadap target gain dan . Target gain dibentuk melalui optimasi luring berbasis pencarian grid bertahap pada model simulasi. Keluaran QLSTM dibatasi, dihaluskan, dan diterapkan pada interval supervisori. Validasi dilakukan melalui simulasi numerik. | Mengintegrasikan pemodelan PLTMH–ELC, pembentukan target gain berbasis fungsi objektif, pembelajaran temporal QLSTM, dan penerapan gain PI adaptif dalam simulasi closed-loop. Kinerja dibandingkan dengan PI gain tetap dan PI adaptif berbasis LSTM."
2.10,6,284,PARAGRAPH,Normal,,,,0,0,0,
2.10,7,285,PARAGRAPH,Normal,,,,0,0,0,"Sintesis pada Tabel 2.1 menunjukkan tiga arah perkembangan penelitian. Arah pertama berkaitan dengan pengembangan ELC sebagai pengatur keseimbangan daya pada pembangkit hidro mandiri. , , , , dan memperlihatkan perkembangan konfigurasi dan fungsi ELC dalam regulasi frekuensi. Meskipun demikian, penelitian tersebut belum memanfaatkan jendela temporal kondisi operasi untuk menghasilkan gain PI adaptif."
2.10,8,286,PARAGRAPH,Normal,,,,0,0,0,"Arah kedua mencakup penyesuaian dan penalaan parameter pengendali. dan menunjukkan bahwa pembaruan gain PI berdasarkan kondisi sistem dapat meningkatkan respons dinamis. , , dan memperlihatkan penggunaan metaheuristik dalam pencarian parameter berdasarkan fungsi objektif tertentu. Pendekatan tersebut umumnya menghasilkan parameter melalui optimasi luring dan belum membentuk pemetaan langsung dari urutan kondisi operasi menuju gain PI yang diperbarui pada interval supervisori."
2.10,9,287,PARAGRAPH,Normal,,,,0,0,0,"Arah ketiga berkaitan dengan pembelajaran temporal menggunakan LSTM dan QLSTM. membentuk dasar arsitektur LSTM, sedangkan mengintegrasikan VQC ke dalam transformasi gerbang LSTM. , , dan menunjukkan penerapan QLSTM pada data sekuensial dalam domain yang berbeda. Hasil penelitian tersebut mendukung relevansi QLSTM untuk pemodelan temporal, tetapi belum membuktikan kemampuannya dalam menentukan gain PI adaptif pada ELC PLTMH."
2.10,10,288,PARAGRAPH,Normal,,,,5,0,0,"Berdasarkan sintesis tersebut, kesenjangan penelitian terletak pada belum terintegrasinya informasi temporal kondisi operasi PLTMH, pembentukan target gain berbasis fungsi objektif, dan QLSTM sebagai model penentu gain PI adaptif pada ELC. Penelitian ini menempatkan QLSTM sebagai adaptive gain scheduler yang memetakan jendela kondisi operasi menjadi estimasi gain dan . Target dan dibentuk melalui optimasi luring berbasis pencarian grid bertahap pada model simulasi, bukan melalui algoritma metaheuristik. Gain hasil estimasi selanjutnya dibatasi, dihaluskan, dan diterapkan pada PI dalam simulasi closed-loop. Nilai tambah QLSTM diuji melalui perbandingan dengan PI gain tetap dan PI adaptif berbasis LSTM pada skenario perubahan beban yang sama."
2.10,11,289,PARAGRAPH,Normal,,,,0,0,0,"Posisi tersebut membedakan penelitian ini dari kajian sebelumnya pada empat aspek, yaitu fungsi QLSTM sebagai penentu gain, penggunaan jendela temporal sebagai masukan, pembentukan target gain yang dapat ditelusuri, dan pengujian nilai tambah QLSTM terhadap LSTM klasik. Validasi penelitian dibatasi pada simulasi numerik sehingga hasilnya belum merepresentasikan implementasi hardware-in-the-loop maupun perangkat ELC fisik."
2.11,0,290,PARAGRAPH,Heading 4,,,,0,0,0,Hipotesis Penelitian
2.11,1,291,PARAGRAPH,First Paragraph,,,,0,0,0,Hipotesis utama penelitian adalah bahwa PI adaptif berbasis QLSTM menghasilkan nilai indikator galat frekuensi yang lebih rendah daripada PI gain tetap pada skenario uji yang sama. Hipotesis kedua menguji kontribusi lapisan kuantum dengan membandingkan QLSTM–PI dan LSTM–PI.
2.11,2,292,PARAGRAPH,Body Text,,,,1,0,0,"Untuk indikator , hipotesis statistik dirumuskan sebagai:"
2.11,3,293,TABLE,,2.0,2.0,2.28;2.29,2,2,0,| (2.28) || | (2.29)
2.11,4,294,PARAGRAPH,First Paragraph,,,2.28;2.29,0,0,0,"Persamaan (2.28) menguji manfaat QLSTM terhadap PI gain tetap, sedangkan Persamaan (2.29) menguji nilai tambah QLSTM terhadap LSTM klasik. Kedua hipotesis diuji menggunakan pasangan skenario yang sama sesuai Subbab 3.10."
2.11,5,295,PARAGRAPH,First Paragraph,,,,0,0,0,"Penolakan atau penerimaan hipotesis tidak menjadi satu-satunya dasar kesimpulan. Besar peningkatan teknis, ukuran efek, konsistensi pada berbagai skenario, galat estimasi gain, dan biaya komputasi digunakan untuk menilai manfaat praktis QLSTM. Jika QLSTM setara atau lebih rendah daripada LSTM, hasil tersebut tetap menjawab pertanyaan penelitian secara sah."
