path,currently_tracked,seen_in_git_history,assigned_stage,assignment_reason
.gitignore,True,True,UNASSIGNED_SHARED_OR_MISC,no_safe_stage_inference
README.md,True,True,UNASSIGNED_SHARED_OR_MISC,no_safe_stage_inference
config/controller.yaml,True,True,UNASSIGNED_SHARED_OR_MISC,no_safe_stage_inference
config/experiment.yaml,True,True,UNASSIGNED_SHARED_OR_MISC,no_safe_stage_inference
config/plant.yaml,True,True,UNASSIGNED_SHARED_OR_MISC,no_safe_stage_inference
config/qlstm.yaml,True,True,UNASSIGNED_SHARED_OR_MISC,no_safe_stage_inference
data/audits/cell134_candidate_family_splits.csv.gz,True,True,06_preprocessing.ipynb,preprocessing_semantics
data/audits/cell134_family_structure.csv,True,True,UNASSIGNED_SHARED_OR_MISC,no_safe_stage_inference
data/audits/cell134_split_feasibility_metadata.json,True,True,UNASSIGNED_SHARED_OR_MISC,no_safe_stage_inference
data/audits/cell134_split_strategy_audit.csv,True,True,UNASSIGNED_SHARED_OR_MISC,no_safe_stage_inference
data/audits/cell140_dynamic_amplitude_by_temporal_region.csv,True,True,07_train_lstm.ipynb,cell_number_provenance
data/audits/cell140_temporal_distribution.csv,True,True,07_train_lstm.ipynb,cell_number_provenance
data/audits/cell140_temporal_information_audit.json,True,True,07_train_lstm.ipynb,cell_number_provenance
data/audits/cell140_validation_family_prediction_bias.csv,True,True,07_train_lstm.ipynb,cell_number_provenance
data/audits/cell140_validation_performance_by_temporal_region.csv,True,True,07_train_lstm.ipynb,cell_number_provenance
data/audits/cell141_frozen_lstm_ablation_by_family.csv,True,True,07_train_lstm.ipynb,cell_number_provenance
data/audits/cell141_frozen_lstm_ablation_by_temporal_region.csv,True,True,07_train_lstm.ipynb,cell_number_provenance
data/audits/cell141_frozen_lstm_ablation_metadata.json,True,True,07_train_lstm.ipynb,cell_number_provenance
data/audits/cell141_frozen_lstm_ablation_metrics.csv,True,True,07_train_lstm.ipynb,cell_number_provenance
data/audits/cell141_prediction_sensitivity.csv,True,True,07_train_lstm.ipynb,cell_number_provenance
data/audits/cell143_multiseed_paired_comparison.csv,True,True,07_train_lstm.ipynb,cell_number_provenance
data/audits/cell143_multiseed_stability_summary.csv,True,True,07_train_lstm.ipynb,cell_number_provenance
data/audits/cell143_multiseed_validation_metadata.json,True,True,07_train_lstm.ipynb,cell_number_provenance
data/audits/cell143_multiseed_validation_results.csv,True,True,07_train_lstm.ipynb,cell_number_provenance
data/audits/cell144_qlstm_environment_readiness.json,True,True,07_train_lstm.ipynb,cell_number_provenance
data/audits/cell145_pennylane_environment.json,True,True,07_train_lstm.ipynb,cell_number_provenance
data/audits/cell146_qlstm_runtime_benchmark.csv,True,True,08_train_qlstm.ipynb,cell_number_provenance
data/audits/cell146_qlstm_runtime_benchmark.json,True,True,08_train_qlstm.ipynb,cell_number_provenance
data/audits/cell149_test_family_audit.csv,True,True,08_train_qlstm.ipynb,cell_number_provenance
data/audits/cell150_final_model_stage_audit.csv,True,True,08_train_qlstm.ipynb,cell_number_provenance
data/audits/cell150_qlstm_test_regime_confusion.csv,True,True,08_train_qlstm.ipynb,cell_number_provenance
data/audits/cell150_scientific_claim_freeze.csv,True,True,08_train_qlstm.ipynb,cell_number_provenance
data/closed_loop/cell151_frozen_scheduler_policy.json,True,True,09_closed_loop.ipynb,cell_number_provenance
data/closed_loop/cell151_scheduler_smoke_audit.csv,True,True,09_closed_loop.ipynb,cell_number_provenance
data/closed_loop/cell152_metric_definitions.csv,True,True,09_closed_loop.ipynb,cell_number_provenance
data/closed_loop/cell152_pre_simulation_policy.json,True,True,09_closed_loop.ipynb,cell_number_provenance
data/closed_loop/cell152_predefined_run_matrix.csv,True,True,09_closed_loop.ipynb,cell_number_provenance
data/closed_loop/cell152_predefined_scenario_matrix.csv,True,True,09_closed_loop.ipynb,cell_number_provenance
data/closed_loop/cell153_fixed_pi_structural_smoke.csv,True,True,09_closed_loop.ipynb,cell_number_provenance
data/closed_loop/cell153_physical_scenario_resolution.csv,True,True,09_closed_loop.ipynb,cell_number_provenance
data/closed_loop/cell153_pi_output_bias_contract.csv,True,True,09_closed_loop.ipynb,cell_number_provenance
data/closed_loop/cell153_simulator_readiness.json,True,True,09_closed_loop.ipynb,cell_number_provenance
data/closed_loop/cell154_adaptive_simulator_contract.json,True,True,09_closed_loop.ipynb,cell_number_provenance
data/closed_loop/cell154_constant_gain_equivalence.csv,True,True,09_closed_loop.ipynb,cell_number_provenance
data/closed_loop/cell154_scripted_gain_update_smoke.csv,True,True,09_closed_loop.ipynb,cell_number_provenance
data/closed_loop/cell155_all_adaptive_gain_updates.csv.gz,True,True,09_closed_loop.ipynb,cell_number_provenance
data/closed_loop/cell155_all_closed_loop_trajectories.csv.gz,True,True,09_closed_loop.ipynb,cell_number_provenance
data/closed_loop/cell155_closed_loop_metrics.csv,True,True,09_closed_loop.ipynb,cell_number_provenance
data/closed_loop/cell155_comparative_experiment_metadata.json,True,True,09_closed_loop.ipynb,cell_number_provenance
data/closed_loop/cell155_primary_family_summary.csv,True,True,09_closed_loop.ipynb,cell_number_provenance
data/closed_loop/cell155_primary_family_winners.csv,True,True,09_closed_loop.ipynb,cell_number_provenance
data/closed_loop/cell155_scheduler_diagnostics.csv,True,True,09_closed_loop.ipynb,cell_number_provenance
data/closed_loop/cell156_computational_burden_audit.csv,True,True,10_final_analysis.ipynb,cell_number_provenance
data/closed_loop/cell156_model_control_link_audit.csv,True,True,10_final_analysis.ipynb,cell_number_provenance
data/closed_loop/cell156_peak_rocof_timing_audit.csv,True,True,10_final_analysis.ipynb,cell_number_provenance
data/closed_loop/cell156_primary_family_effect_audit.csv,True,True,10_final_analysis.ipynb,cell_number_provenance
data/closed_loop/cell156_scheduler_control_effort_audit.csv,True,True,10_final_analysis.ipynb,cell_number_provenance
data/closed_loop/cell156_scientific_claim_freeze.csv,True,True,10_final_analysis.ipynb,cell_number_provenance
data/enrichment/cell135_enrichment_argmin_audit.csv,True,True,UNASSIGNED_SHARED_OR_MISC,no_safe_stage_inference
data/enrichment/cell135_enrichment_design.csv,True,True,UNASSIGNED_SHARED_OR_MISC,no_safe_stage_inference
data/enrichment/cell135_enrichment_metadata.json,True,True,UNASSIGNED_SHARED_OR_MISC,no_safe_stage_inference
data/enrichment/cell135_enrichment_top10.csv,True,True,UNASSIGNED_SHARED_OR_MISC,no_safe_stage_inference
data/enrichment/cell135_equivalence_probe.csv,True,True,UNASSIGNED_SHARED_OR_MISC,no_safe_stage_inference
data/enrichment/cell136_d25_fine_rank_audit.csv,True,True,UNASSIGNED_SHARED_OR_MISC,no_safe_stage_inference
data/enrichment/cell136_d25_fine_rank_metadata.json,True,True,UNASSIGNED_SHARED_OR_MISC,no_safe_stage_inference
data/final/qlstm_lstm_dataset_final.npz,True,True,06_preprocessing.ipynb,final_preprocessing_artifact
data/final/qlstm_lstm_dataset_metadata.json,True,True,06_preprocessing.ipynb,final_preprocessing_artifact
data/final/qlstm_lstm_feature_scaler.csv,True,True,06_preprocessing.ipynb,final_preprocessing_artifact
data/final/qlstm_lstm_sample_metadata.csv.gz,True,True,06_preprocessing.ipynb,final_preprocessing_artifact
data/final/qlstm_lstm_scalers.json,True,True,06_preprocessing.ipynb,final_preprocessing_artifact
data/final/qlstm_lstm_target_scaler.csv,True,True,06_preprocessing.ipynb,final_preprocessing_artifact
data/recovery/cell145a_artifact_inventory.csv,True,True,07_train_lstm.ipynb,cell_number_provenance
data/recovery/cell145a_environment.txt,True,True,07_train_lstm.ipynb,cell_number_provenance
data/recovery/cell145a_fix_completion.json,True,True,07_train_lstm.ipynb,cell_number_provenance
data/recovery/cell145a_git_status.txt,True,True,07_train_lstm.ipynb,cell_number_provenance
data/recovery/cell145a_recovery_manifest.json,True,True,07_train_lstm.ipynb,cell_number_provenance
data/recovery/cell145a_resume_notes.txt,True,True,07_train_lstm.ipynb,cell_number_provenance
data/recovery/cell145b_git_checkpoint.json,True,True,07_train_lstm.ipynb,cell_number_provenance
data/recovery/cell150_pre_closed_loop_resume_notes.txt,True,True,08_train_qlstm.ipynb,cell_number_provenance
data/recovery/cell150_scientific_interpretation_freeze.json,True,True,08_train_qlstm.ipynb,cell_number_provenance
data/recovery/cell156_closed_loop_interpretation_freeze.json,True,True,10_final_analysis.ipynb,cell_number_provenance
data/recovery/cell156_closed_loop_resume_notes.txt,True,True,10_final_analysis.ipynb,cell_number_provenance
data/splits/cell137_family_split_assignment.csv,True,True,06_preprocessing.ipynb,final_preprocessing_artifact
data/splits/cell137_split_indices.npz,True,True,06_preprocessing.ipynb,final_preprocessing_artifact
data/splits/cell137_split_metadata.json,True,True,06_preprocessing.ipynb,final_preprocessing_artifact
data/splits/cell137_split_structural_audit.csv.gz,True,True,06_preprocessing.ipynb,final_preprocessing_artifact
data/splits/cell137_window_split_metadata.csv.gz,True,True,06_preprocessing.ipynb,final_preprocessing_artifact
docs/equations.md,True,True,UNASSIGNED_SHARED_OR_MISC,no_safe_stage_inference
docs/methodology.md,True,True,UNASSIGNED_SHARED_OR_MISC,no_safe_stage_inference
models/endpoint_mlp_baseline/cell142_baseline_comparison.csv,True,True,07_train_lstm.ipynb,cell_number_provenance
models/endpoint_mlp_baseline/cell142_endpoint_mlp.pt,True,True,07_train_lstm.ipynb,cell_number_provenance
models/endpoint_mlp_baseline/cell142_endpoint_mlp_config.json,True,True,07_train_lstm.ipynb,cell_number_provenance
models/endpoint_mlp_baseline/cell142_endpoint_mlp_metrics.csv,True,True,07_train_lstm.ipynb,cell_number_provenance
models/endpoint_mlp_baseline/cell142_training_history.csv,True,True,07_train_lstm.ipynb,cell_number_provenance
models/lstm_baseline/cell139_baseline_metrics.csv,True,True,07_train_lstm.ipynb,cell_number_provenance
models/lstm_baseline/cell139_classical_lstm.pt,True,True,07_train_lstm.ipynb,cell_number_provenance
models/lstm_baseline/cell139_lstm_config.json,True,True,07_train_lstm.ipynb,cell_number_provenance
models/lstm_baseline/cell139_lstm_predictions.csv.gz,True,True,07_train_lstm.ipynb,cell_number_provenance
models/lstm_baseline/cell139_lstm_training_history.csv,True,True,07_train_lstm.ipynb,cell_number_provenance
models/qlstm/cell147_parameter_audit.csv,True,True,08_train_qlstm.ipynb,cell_number_provenance
models/qlstm/cell147_qlstm_architecture.json,True,True,08_train_qlstm.ipynb,cell_number_provenance
models/qlstm/cell147_qlstm_initial_state.pt,True,True,08_train_qlstm.ipynb,cell_number_provenance
models/qlstm/cell147_smoke_test.json,True,True,08_train_qlstm.ipynb,cell_number_provenance
models/qlstm/cell148_qlstm_best.pt,True,True,08_train_qlstm.ipynb,cell_number_provenance
models/qlstm/cell148_training_history.csv,True,True,08_train_qlstm.ipynb,cell_number_provenance
models/qlstm/cell148_training_metadata.json,True,True,08_train_qlstm.ipynb,cell_number_provenance
models/qlstm/cell148_validation_metrics.csv,True,True,08_train_qlstm.ipynb,cell_number_provenance
models/qlstm/cell148_validation_predictions.csv.gz,True,True,08_train_qlstm.ipynb,cell_number_provenance
models/qlstm/cell149_frozen_model_test_comparison.csv,True,True,08_train_qlstm.ipynb,cell_number_provenance
models/qlstm/cell149_qlstm_test_metrics.csv,True,True,08_train_qlstm.ipynb,cell_number_provenance
models/qlstm/cell149_qlstm_test_predictions.csv.gz,True,True,08_train_qlstm.ipynb,cell_number_provenance
models/qlstm/cell149_test_evaluation_metadata.json,True,True,08_train_qlstm.ipynb,cell_number_provenance
notebooks/00_setup.ipynb,True,True,NOTEBOOK_PLACEHOLDER,not_migrated_evidence
notebooks/00_setup_project.ipynb,False,True,NOTEBOOK_PLACEHOLDER,not_migrated_evidence
notebooks/01_plant_model.ipynb,False,True,NOTEBOOK_PLACEHOLDER,not_migrated_evidence
notebooks/01_validate_turbine.ipynb,True,True,NOTEBOOK_PLACEHOLDER,not_migrated_evidence
notebooks/02_validate_generator.ipynb,True,True,NOTEBOOK_PLACEHOLDER,not_migrated_evidence
notebooks/03_validate_elc.ipynb,True,True,NOTEBOOK_PLACEHOLDER,not_migrated_evidence
notebooks/04_validate_pi.ipynb,True,True,NOTEBOOK_PLACEHOLDER,not_migrated_evidence
notebooks/05_generate_dataset.ipynb,True,True,NOTEBOOK_PLACEHOLDER,not_migrated_evidence
notebooks/06_preprocessing.ipynb,True,True,NOTEBOOK_PLACEHOLDER,not_migrated_evidence
notebooks/07_train_lstm.ipynb,True,True,NOTEBOOK_PLACEHOLDER,not_migrated_evidence
notebooks/08_train_qlstm.ipynb,True,True,NOTEBOOK_PLACEHOLDER,not_migrated_evidence
notebooks/09_closed_loop.ipynb,True,True,NOTEBOOK_PLACEHOLDER,not_migrated_evidence
notebooks/10_final_analysis.ipynb,True,True,NOTEBOOK_PLACEHOLDER,not_migrated_evidence
pytest.ini,True,True,UNASSIGNED_SHARED_OR_MISC,no_safe_stage_inference
reports/thesis_results/cell157_figure_captions.csv,True,True,10_final_analysis.ipynb,final_analysis_report
reports/thesis_results/cell157_thesis_evidence_manifest.json,True,True,10_final_analysis.ipynb,final_analysis_report
reports/thesis_results/cell157_thesis_results_summary.md,True,True,10_final_analysis.ipynb,final_analysis_report
reports/thesis_results/chapter_iv/Bab_IV_Hasil_dan_Pembahasan_draft.md,True,True,10_final_analysis.ipynb,final_analysis_report
reports/thesis_results/chapter_iv/cell158_bab_iv_evidence_map.csv,True,True,10_final_analysis.ipynb,final_analysis_report
reports/thesis_results/chapter_iv/cell159_review_sections_4_1_to_4_3.md,True,True,10_final_analysis.ipynb,final_analysis_report
reports/thesis_results/figures/fig157_cl01_applied_gain_trajectories.png,True,True,10_final_analysis.ipynb,final_analysis_report
reports/thesis_results/figures/fig157_cl01_dump_duty_response.png,True,True,10_final_analysis.ipynb,final_analysis_report
reports/thesis_results/figures/fig157_cl01_frequency_response.png,True,True,10_final_analysis.ipynb,final_analysis_report
reports/thesis_results/figures/fig157_cl02_applied_gain_trajectories.png,True,True,10_final_analysis.ipynb,final_analysis_report
reports/thesis_results/figures/fig157_cl02_dump_duty_response.png,True,True,10_final_analysis.ipynb,final_analysis_report
reports/thesis_results/figures/fig157_cl02_frequency_response.png,True,True,10_final_analysis.ipynb,final_analysis_report
reports/thesis_results/figures/fig157_computational_runtime_comparison.png,True,True,10_final_analysis.ipynb,final_analysis_report
reports/thesis_results/figures/fig157_primary_rmse_comparison.png,True,True,10_final_analysis.ipynb,final_analysis_report
reports/thesis_results/tables/table157_computational_burden.csv,True,True,10_final_analysis.ipynb,final_analysis_report
reports/thesis_results/tables/table157_primary_descriptive_summary.csv,True,True,10_final_analysis.ipynb,final_analysis_report
reports/thesis_results/tables/table157_primary_heldout_controller_comparison.csv,True,True,10_final_analysis.ipynb,final_analysis_report
requirements.txt,True,True,UNASSIGNED_SHARED_OR_MISC,no_safe_stage_inference
src/__init__.py,True,True,SHARED_PROJECT_SOURCE,imported_by_multiple_notebooks
src/control/__init__.py,True,True,SHARED_PROJECT_SOURCE,imported_by_multiple_notebooks
src/control/gain_scheduler.py,True,True,SHARED_PROJECT_SOURCE,imported_by_multiple_notebooks
src/control/limiter.py,True,True,SHARED_PROJECT_SOURCE,imported_by_multiple_notebooks
src/control/pi_controller.py,True,True,SHARED_PROJECT_SOURCE,imported_by_multiple_notebooks
src/control/pwm.py,True,True,SHARED_PROJECT_SOURCE,imported_by_multiple_notebooks
src/data/logger.py,True,True,SHARED_PROJECT_SOURCE,imported_by_multiple_notebooks
src/data/normalization.py,True,True,SHARED_PROJECT_SOURCE,imported_by_multiple_notebooks
src/data/preprocessing.py,True,True,SHARED_PROJECT_SOURCE,imported_by_multiple_notebooks
src/data/windowing.py,True,True,SHARED_PROJECT_SOURCE,imported_by_multiple_notebooks
src/evaluation/metrics.py,True,True,SHARED_PROJECT_SOURCE,imported_by_multiple_notebooks
src/evaluation/plots.py,True,True,SHARED_PROJECT_SOURCE,imported_by_multiple_notebooks
src/evaluation/statistics.py,True,True,SHARED_PROJECT_SOURCE,imported_by_multiple_notebooks
src/models/lstm.py,True,True,SHARED_PROJECT_SOURCE,imported_by_multiple_notebooks
src/models/qlstm.py,True,True,SHARED_PROJECT_SOURCE,imported_by_multiple_notebooks
src/models/vqc.py,True,True,SHARED_PROJECT_SOURCE,imported_by_multiple_notebooks
src/plant/__init__.py,True,True,SHARED_PROJECT_SOURCE,imported_by_multiple_notebooks
src/plant/consumer_load.py,True,True,SHARED_PROJECT_SOURCE,imported_by_multiple_notebooks
src/plant/dump_load.py,True,True,SHARED_PROJECT_SOURCE,imported_by_multiple_notebooks
src/plant/elc.py,True,True,SHARED_PROJECT_SOURCE,imported_by_multiple_notebooks
src/plant/microhydro_plant.py,True,True,SHARED_PROJECT_SOURCE,imported_by_multiple_notebooks
src/plant/synchronous_generator.py,True,True,SHARED_PROJECT_SOURCE,imported_by_multiple_notebooks
src/plant/turbine.py,True,True,SHARED_PROJECT_SOURCE,imported_by_multiple_notebooks
src/simulation/__init__.py,True,True,SHARED_PROJECT_SOURCE,imported_by_multiple_notebooks
src/simulation/scenario.py,True,True,SHARED_PROJECT_SOURCE,imported_by_multiple_notebooks
src/simulation/simulator.py,True,True,SHARED_PROJECT_SOURCE,imported_by_multiple_notebooks
src/simulation/solver.py,True,True,SHARED_PROJECT_SOURCE,imported_by_multiple_notebooks
src/simulation/state_manager.py,True,True,SHARED_PROJECT_SOURCE,imported_by_multiple_notebooks
tests/test_elc.py,True,True,UNASSIGNED_SHARED_OR_MISC,no_safe_stage_inference
tests/test_generator.py,True,True,UNASSIGNED_SHARED_OR_MISC,no_safe_stage_inference
tests/test_pi.py,True,True,UNASSIGNED_SHARED_OR_MISC,no_safe_stage_inference
tests/test_plant_model.py,True,True,UNASSIGNED_SHARED_OR_MISC,no_safe_stage_inference
tests/test_turbine.py,True,True,UNASSIGNED_SHARED_OR_MISC,no_safe_stage_inference
